country_iso3,country_name,case_group,airport_name,airport_iata,airport_lat,airport_lon,scenario,model_version,annual_saf_tonnes,plant_availability,process_average_power_mw,process_rated_power_mw,best_candidate_id,best_candidate_kind,best_lat,best_lon,distance_to_airport_km,transport_mode,crosses_water,delivered_cost_usd_per_tonne_saf,delivered_cost_eur_per_tonne_saf,delivered_cost_energy_allocated_usd_per_tonne_saf,annual_renewable_cost_usd,annual_process_cost_usd,annual_transport_cost_usd,annual_water_cost_usd,gross_annual_cost_usd,coproduct_credit_usd_per_tonne_saf,annual_coproduct_credit_usd,renewable_cost_share,process_cost_share,transport_cost_share,water_cost_share,wacc_used,wacc_process_used,h2_storage_geology,h2_storage_capex_usd_per_kwh_used,sizing_mode,scenario_year,mandate_synthetic_share,airport_fuel_kt_2024,carbon_source,dac_fraction,co2_delivered_cost_usd_per_t,co2_mean_haul_km,annual_co2_purchase_usd,operating_strategy,synthesis_oversize,synthesis_load_min,fuel_storage_tonnes,fuel_storage_days,wind_mw,solar_mw,renewable_capacity_mw,renewable_capacity_overbuild_ratio,battery_mwh,seasonal_h2_storage_mwh,annual_generation_mwh,annual_demand_mwh,generation_to_demand_ratio,curtailed_energy_frac,electrolyser_oversize_ratio,effective_annual_cf,adequacy_cf_used_for_sizing,selected_main_resource,solar_share,solar_cf_annual,wind_cf_annual,resource_source,raw_nasa_solar_cf_annual,raw_nasa_wind_cf_annual,candidate_validity_note,resource_rank,distance_rank,renewable_capex_usd,process_capex_usd,transport_capex_component_usd,fixed_logistics_cost_usd,total_annual_cost_usd,gross_annual_cost_eur,total_annual_cost_eur,n_candidates_screened_out,n_candidates_total
DNK,Denmark,core_eu27_uk_ch,Copenhagen Airport,CPH,55.6181,12.6561,base,v3,280000.0,0.9,1462.4149110394246,1624.905456710472,C00002,grid,57.07493741267669,8.867060927090545,383.5517840307909,rail,False,5009.535803676397,4628.310129016624,2855.4354080955463,603532572.5994252,583341586.173624,7096704.466824772,12604648.182616225,1206575511.4224904,0.0,0.0,0.43027409285856727,0.41587941266614065,0.0050594254815390875,0.008986182036899312,0.04,0.05,salt,0.97416,mandate,2050,0.35,800.0,market,0.0,115.1191710727728,95.89778172558512,196094513.6069008,steady_h2_store,1.0,1.0,0.0,0.0,3738.9964725700215,1800.2575608670475,5539.254033437069,4.01891036884004,275.6594959860149,347758.1467991178,12556841.36115494,12073885.924187442,1.04,0.035326764831393555,1.1111,0.2587766097157749,0.2587766097157749,mixed,0.325,0.08,0.345365257834982,heuristic,0.08,0.345365257834982,valid,1.0,6.0,6872305678.789443,4559930644.416018,0.0,1515360.0,1206575511.4224904,1114755115.003239,1114755115.003239,0,7
FRA,France,core_eu27_uk_ch,Paris Charles de Gaulle Airport,CDG,49.0097,2.5479,base,v3,1400000.0,0.9,7312.074555197122,8124.527283552359,C00003,grid,48.71490604275789,-2.636778269710688,513.8212478411393,rail,False,5086.666868893937,4699.571520171109,2899.400115269544,3258287564.997727,3405647975.462985,43160388.6827769,47121423.44183382,6754217352.585322,0.0,0.0,0.4575389583589399,0.47823176934097705,0.006060717136333697,0.006616938059603778,0.04,0.05,salt,0.97416,mandate,2050,0.35,4000.0,market,0.689971541529931,139.03184,280.0,367116263.86618835,steady_h2_store,1.0,1.0,0.0,0.0,19833.255651611802,11899.95339096708,31733.20904257888,4.495300858805805,1411.8391644651329,1252571.4410077797,64312097.61971568,61838555.40357276,1.0400000000000003,0.023458634328814905,1.1111,0.23135270200274877,0.23135270200274877,mixed,0.375,0.1045027661079539,0.3078430396595046,heuristic,0.1045027661079539,0.3078430396595046,valid,1.0,31.0,37189569644.739655,28155785674.152718,0.0,7576800.0,6754217352.585322,6240221412.053579,6240221412.053579,17,58
DEU,Germany,core_eu27_uk_ch,Frankfurt Airport,FRA,50.0379,8.5622,base,v3,1242500.0,0.9,6489.466167737447,7210.517964152719,C00009,grid,53.13163577760156,8.015620732794213,467.19706919362136,rail,False,5096.001255578333,4708.195560028822,2904.72071567965,2988848138.725808,2233510197.3186727,35866355.34265995,55933126.31035949,5314157817.697501,0.0,0.0,0.4720390478377995,0.35274593353136635,0.005664496635342279,0.008833710667344011,0.04,0.05,salt,0.97416,mandate,2050,0.35,3550.0,market,0.0,134.6266613468602,246.08479110356768,1017623742.3585781,steady_h2_store,1.0,1.0,0.0,0.0,18468.47422704382,9944.56304533129,28413.03727237511,4.645541379933534,1223.239013437941,1255025.304107926,55720983.540125035,53577868.788581766,1.04,0.029786369305727846,1.1111,0.22387057071373667,0.22387057071373667,mixed,0.35000000000000003,0.07999999999999999,0.30175022548604186,heuristic,0.07999999999999999,0.30175022548604186,valid,2.0,29.0,34058312593.261505,17829380637.740444,0.0,6724410.0,5314157817.697501,4909750407.770721,4909750407.770721,2,40
ESP,Spain,core_eu27_uk_ch,Adolfo Suarez Madrid-Barajas Airport,MAD,40.4722,-3.5608,base,v3,875000.0,0.9,4570.0465969982015,5077.829552220224,C00010,grid,36.521765728962976,-4.672392476667529,607.20647423759,rail,False,5192.785476994948,4797.614502195633,2959.8877218871203,1872203796.312408,2460986348.3236823,30414776.45696083,27946163.799653698,4391551084.892705,0.0,0.0,0.4120450365182641,0.5416275790933031,0.006693853361790776,0.006150547342150682,0.052,0.062,salt,0.97416,mandate,2050,0.35,2500.0,market,0.7944343696021479,139.03184,280.0,152136207.47787535,steady_h2_store,1.0,1.0,0.0,0.0,8711.564320653843,9628.571091248983,18340.135411902826,4.108573897592791,906.2828301344176,1517960.009351799,40667631.59705975,39103491.92024975,1.0400000000000003,0.03022226547645788,1.1111,0.2531291941978541,0.2531291941978541,mixed,0.525,0.19907751759365078,0.3128228675415686,heuristic,0.19907751759365078,0.3128228675415686,valid,1.0,47.0,19814226653.9038,18992505138.081577,0.0,4735500.0,4391551084.892705,4057354047.3323703,4057354047.3323703,4,53
FIN,Finland,core_eu27_uk_ch,Helsinki Airport,HEL,60.3172,24.9633,base,v3,220500.0,0.9,1151.651742443547,1279.6130471594968,C00027,grid,60.6560082457808,28.034581451540234,232.72240814589398,rail,False,5231.161792972255,4833.070380527067,2981.762221994185,454905680.673048,522740843.03902966,4188719.848998767,9926160.443810277,991761404.0048866,0.0,0.0,0.39437975598728275,0.45318934205723876,0.003631404007756316,0.00860546900168101,0.042,0.052000000000000005,rock,2.05656,mandate,2050,0.35,630.0,market,0.0,120.55019336061706,137.710899856931,161709771.34549564,flex_fuel_store,1.05,0.8520958464993178,5872.827810495182,9.721461001499963,2852.1035821398555,1535.7480826906917,4387.851664830548,4.04257804362106,227.03634728209016,0.0,10268839.97852142,9508185.165297609,1.0800000000000003,0.07407407407407424,1.1666666666666667,0.2671562523583617,0.2671562523583617,mixed,0.35000000000000003,0.07999999999999999,0.36847011207897773,heuristic,0.07999999999999999,0.36847011207897773,valid,2.0,5.0,5080894272.677915,4067649125.507616,0.0,1193346.0,991761404.0048866,916288361.1601148,916288361.1601148,14,35
ITA,Italy,core_eu27_uk_ch,Rome Fiumicino Airport,FCO,41.8003,12.2389,base,v3,489999.99999999994,0.9,2559.2260943189926,2843.584549243325,C00024,grid,40.99886752802441,17.03470691128831,553.176399042612,rail,False,5305.505532889981,4901.756561837054,3024.138153747289,1032609906.9030882,1126926897.8931515,15917864.892946502,22058134.31957839,2197512804.0087647,0.0,0.0,0.39720383738760645,0.43348382124371854,0.006122967614612669,0.0084848843099179,0.049,0.059000000000000004,rock,2.05656,mandate,2050,0.35,1400.0,market,0.0,134.91801121105954,248.32787640936442,402184907.1073255,flex_fuel_store,1.1,0.6972013628741359,27846.346603775877,20.74268675587387,4808.66024368439,7212.990365526586,12021.650609210976,4.984058038169934,529.8153343174002,0.0,22819644.39671426,21129300.367328018,1.08,0.07407407407407396,1.2222222222222223,0.216690895597307,0.216690895597307,solar,0.6000000000000001,0.1666741292008939,0.29150183504972166,heuristic,0.1666741292008939,0.29150183504972166,valid,1.0,16.0,11205825978.10808,8532353696.178057,0.0,2651879.9999999995,2197512804.0087647,2030282079.6236978,2030282079.6236978,7,28
PRT,Portugal,core_eu27_uk_ch,Lisbon Airport,LIS,38.7742,-9.1342,base,v3,367500.0,0.9,1919.4195707392448,2132.6884119324945,C00001,grid,38.05409081143069,-8.737689830918631,117.72912190344395,road,False,5316.122988787051,4911.566029340357,3030.190103608619,788159603.3126484,1058118638.5659853,5969504.673364637,12433948.745783472,1864681695.297782,0.0,0.0,0.40342407170163264,0.5416041722000643,0.003055525646390407,0.006364388899494968,0.052,0.062,salt,0.97416,mandate,2050,0.35,1050.0,market,0.6792977149603643,124.11925115963646,165.18886394152238,88993503.08145934,steady_h2_store,1.0,1.0,0.0,0.0,3681.921775629696,4069.492488853875,7751.414264483571,4.184620273033767,370.4715725072926,608280.1207478037,16875721.07085218,16226654.8758194,1.0400000000000003,0.03015671791366013,1.1111,0.24852912143591482,0.24852912143591482,mixed,0.525,0.18714657004765037,0.31633065190423043,heuristic,0.18714657004765037,0.31633065190423043,valid,1.0,2.0,8339428947.930803,8054687868.70622,0.0,1988910.0,1864681695.297782,1722779418.285621,1722779418.285621,0,10
GBR,United Kingdom,core_eu27_uk_ch,Heathrow Airport,LHR,51.47,-0.4543,base,v3,217000.00000000003,0.9,1133.3715560555543,1259.301728950616,C00002,grid,53.244897736809385,-4.605299126473892,464.44011218767224,rail,False,5428.989681181931,5015.843566443986,3094.5241182737004,502003871.90176857,507747240.58648396,6238800.4428839525,9768602.341527576,1025758515.2726641,0.0,0.0,0.42611646623376737,0.43099161581964046,0.005295687438003617,0.008291892837490227,0.054,0.064,salt,0.97416,mandate,2050,0.035,6200.0,market,0.0,115.39111034479785,97.991426034721,152332245.54381526,steady_h2_store,1.0,1.0,0.0,0.0,2743.809690475477,1477.4359871791032,4221.2456776545805,3.9518091672088294,213.63610938916153,269449.00134164316,9731552.054895077,9357261.591245268,1.0399999999999998,0.03541188036060201,1.1111,0.26317060262668357,0.26317060262668357,mixed,0.35000000000000003,0.08,0.36234100187009194,heuristic,0.08,0.36234100187009194,valid,1.0,15.0,5147358349.481683,3675726312.957573,0.0,1174404.0000000002,1025758515.2726641,947698292.2604144,947698292.2604144,6,25
CHE,Switzerland,core_eu27_uk_ch,Zurich Airport,ZRH,47.4582,8.5555,base,v3,350000.0,0.9,1828.0186387992806,2031.1318208880898,C00000,grid,46.2106357891564,6.675290859156185,268.97260094085146,rail,False,5572.162654307015,5148.121076314252,3176.132712954998,867830642.7250957,984406144.4509246,7182823.672127917,11804358.51979378,1871223969.367942,0.0,0.0,0.44498272500268,0.5047571577924959,0.003683014050760724,0.006052719692579877,0.041,0.051000000000000004,rock,2.05656,mandate,2050,0.35,1000.0,market,0.6858056902007084,118.1359635867164,119.12388817070392,79032959.63951327,steady_h2_store,1.0,1.0,0.0,0.0,5075.844434268579,3045.5066605611473,8121.351094829726,4.602516432885425,352.9091623357125,323012.69316213595,16075718.16271636,15457421.310304193,1.04,0.02093199813295469,1.1111,0.22596334313313896,0.22596334313313896,mixed,0.375,0.11210047837918415,0.2946255592274283,heuristic,0.11210047837918415,0.2946255592274283,valid,1.0,8.0,9868057124.952976,7991738041.445753,0.0,1894200.0,1871223969.367942,1728823825.2990417,1728823825.2990417,0,8
NLD,Netherlands,core_eu27_uk_ch,Amsterdam Schiphol Airport,AMS,52.3105,4.7683,base,v3,1032499.9999999999,0.9,5392.654984457878,5991.838871619863,C00004,quartile,51.40436483395223,4.282257793166596,143.29209469487478,road,False,5587.086091890775,5161.908840297887,3184.6390723777413,2764692397.3119545,2726234988.1392727,19199797.871417243,34653597.33339166,5544780780.656035,0.0,0.0,0.47926023286134184,0.4725936297725991,0.0033282905569142953,0.006007211197756437,0.05,0.060000000000000005,salt,0.97416,mandate,2050,0.35,2950.0,market,0.6957638134192463,117.15625809585971,111.5811937658576,223885609.22118792,steady_h2_store,1.0,1.0,0.0,0.0,15805.469174151065,8510.637247619807,24316.106421770874,4.669684436295433,1041.4453804532204,1111800.5503209375,47439919.97040506,45615307.663851015,1.04,0.03085692663071242,1.1111,0.22271312209376096,0.22271312209376096,mixed,0.35000000000000003,0.08000000000000002,0.2999762864881658,heuristic,0.08000000000000002,0.2999762864881658,valid,1.0,3.0,29183030044.847946,21240723724.700336,0.0,5587889.999999999,5544780780.656035,5122822963.248112,5122822963.248112,0,6
POL,Poland,core_eu27_uk_ch,Warsaw Chopin Airport,WAW,52.1657,20.9671,base,v3,185500.0,0.9,968.8498785636187,1076.4998650706875,C00007,grid,54.419265692428354,16.50298019589284,524.1172873969498,rail,False,5612.229666082603,5185.138988493717,3198.9709096670836,444930718.8072748,427127287.155403,5799146.203412102,8350579.420983249,886207731.5870731,0.0,0.0,0.42737886581173634,0.4102777529748195,0.005570378538336557,0.00802116152235496,0.046,0.056,salt,0.97416,mandate,2050,0.35,530.0,market,0.0,137.22651275298566,266.1008927151519,154860871.47124976,steady_h2_store,1.0,1.0,0.0,0.0,2644.4336482326275,1273.2458306305243,3917.679478863152,4.290422455797697,182.62441609073485,223406.9816001376,8318907.401765145,7998949.424774179,1.0399999999999998,0.03446664416771902,1.1111,0.24240037215790627,0.24240037215790627,mixed,0.325,0.08000000000000002,0.32106383418436585,heuristic,0.08000000000000002,0.32106383418436585,valid,1.0,35.0,4835988045.53332,3220937957.2040124,0.0,1003926.0,886207731.5870731,818767323.2132969,818767323.2132969,0,38
BEL,Belgium,core_eu27_uk_ch,Brussels Airport,BRU,50.9014,4.4844,base,v3,341250.0,0.9,1782.3181728292989,1980.3535253658874,C00000,grid,50.765882899430295,3.287792155214853,115.25577056228985,road,False,5663.743860197041,5232.732952436047,3228.334000312313,885324041.8379296,951782292.9071982,5465457.240929907,11586979.406798936,1854158771.3928564,0.0,0.0,0.4580638232583806,0.49244910947364795,0.002827810068772376,0.005995066028113203,0.04,0.05,rock,2.05656,mandate,2050,0.35,975.0,market,0.6719691464898738,115.40942863345595,98.13245745146541,78593820.8993835,steady_h2_store,1.0,1.0,0.0,0.0,5161.106549435404,3440.7376996236035,8601.844249059008,5.002199509689826,343.92247779786754,297583.9440390999,15666356.70864845,15063804.527546585,1.0400000000000003,0.025267513850221437,1.1111,0.20790854063005731,0.20790854063005731,mixed,0.4,0.08,0.2935536894491148,heuristic,0.08,0.2935536894491148,valid,1.0,4.0,10160956624.101786,7764011461.541249,0.0,1846845.0,1854158771.3928564,1713057288.8898602,1713057288.8898602,0,5
SWE,Sweden,core_eu27_uk_ch,Stockholm Arlanda Airport,ARN,59.6519,17.9186,base,v3,173250.0,0.9,904.8692262056439,1005.4102513396045,C00003,grid,62.12806283081116,12.088549580280034,564.8141315122276,rail,False,5711.493084170611,5276.848460465228,3255.551057977248,388766872.7135302,463879359.9765953,5712972.372455277,7799126.062993788,866158331.1255745,0.0,0.0,0.39288581815607415,0.4687941145757448,0.005773500733199232,0.007881757009732569,0.057,0.067,rock,2.05656,mandate,2050,0.35,495.0,market,0.0,117.03985502327689,110.68501342138518,123357845.70698372,flex_fuel_store,1.05,0.849683082973024,4711.046365371443,9.925148186785437,2176.254884062708,1171.829552956843,3348.084437019551,3.9258909151118795,178.54957768523886,0.0,8068374.268838257,7470716.915590978,1.08,0.07407407407407413,1.1666666666666667,0.27509679289426264,0.27509679289426264,mixed,0.35000000000000003,0.08,0.3807096503996088,heuristic,0.08,0.3807096503996088,valid,1.0,22.0,3878079041.3458943,3325026597.0776873,0.0,937629.0,866158331.1255745,800243682.1269183,800243682.1269183,20,46
AUT,Austria,core_eu27_uk_ch,Vienna International Airport,VIE,48.1103,16.5697,base,v3,297500.0,0.9,1553.815842979389,1726.4620477548763,C00007,grid,48.56599110423508,16.925758601126915,77.08173430151326,road,False,5803.546092440879,5361.896234806129,3308.0212726913005,803924261.6652695,687185014.4984146,3719888.795096237,13392438.69402974,1508221603.65281,0.0,0.0,0.46562332455415745,0.39800934776088964,0.002154515133249767,0.007756740436822745,0.053,0.063,rock,2.05656,mandate,2050,0.35,850.0,market,0.0,120.63501097251186,138.36390561492874,218333358.84835154,steady_h2_store,1.0,1.0,0.0,0.0,4306.297149846386,2583.7782899078315,6890.075439754218,4.704918189942245,292.8882144851408,255980.8233297362,13341643.946227124,12828503.794449156,1.04,0.025026347659859862,1.1111,0.22104528878381335,0.22104528878381335,mixed,0.375,0.09565538972411387,0.2966567678568243,heuristic,0.09565538972411387,0.2966567678568243,valid,6.0,1.0,8333482230.824735,5044898003.606353,0.0,1610070.0,1508221603.65281,1393445939.6148314,1393445939.6148314,1,11
GRC,Greece,core_eu27_uk_ch,Athens International Airport,ATH,37.9364,23.9475,base,v3,251999.99999999997,0.9,1316.1734199354821,1462.4149110394246,C00000,grid,38.925767605326605,20.620966129404326,418.3866312099803,rail,False,6095.312974976558,5631.459657580842,3474.3283957366375,627556889.1718023,894509723.109746,6756545.358292489,7195712.054251522,1536018869.6940923,0.0,0.0,0.4085606639043335,0.5823559467650896,0.004398738512657789,0.004684650817919049,0.06,0.06999999999999999,salt,0.97416,mandate,2050,0.35,720.0,dac,1.0,0.0,0.0,0.0,steady_h2_store,1.0,1.0,0.0,0.0,2582.6489784754817,3494.172147349182,6076.821125824664,4.617036808206129,383.32611517135786,464457.97851155384,12452053.491325613,11529679.158634823,1.0800000000000003,0.06980225742982903,1.1111,0.233916263799425,0.233916263799425,solar,0.5750000000000001,0.1901225760425653,0.29293242227954636,heuristic,0.1901225760425653,0.29293242227954636,valid,1.0,9.0,6271847497.987201,6561237857.1222315,0.0,1363823.9999999998,1536018869.6940923,1419127833.710372,1419127833.710372,0,15
CZE,Czechia,core_eu27_uk_ch,Vaclav Havel Airport Prague,PRG,50.1008,14.2632,base,v3,140000.0,0.9,731.2074555197123,812.452728355236,C00006,grid,50.74184651363071,15.81107674000427,176.56423862778166,rail,False,6199.463067557912,5727.683928116755,3533.6939485080093,371219933.6984314,385112407.0666311,2328560.829182759,6302324.091308112,764963225.6855533,0.0,0.0,0.42770977520046755,0.4437163150489398,0.0026829061113928555,0.007261370889968655,0.055,0.065,rock,2.05656,mandate,2050,0.35,400.0,market,0.0,120.8892004228172,140.3208951005266,102961603.77255443,flex_fuel_store,1.05,0.8422954282426871,4029.5660107971053,10.505654242435309,2182.214358515867,935.234725078229,3117.449083594096,4.523622989940106,144.72123539265783,0.0,6519898.399061219,6036942.962093721,1.08,0.07399700027461294,1.1666666666666667,0.23874668653903436,0.23874668653903436,mixed,0.30000000000000004,0.08000000000000002,0.3072476079828751,heuristic,0.08000000000000002,0.3072476079828751,valid,1.0,8.0,3746407781.418518,2784880955.8907557,0.0,757680.0,764963225.6855533,706749524.2108828,706749524.2108828,0,14
LUX,Luxembourg,core_eu27_uk_ch,Luxembourg Airport,LUX,49.6266,6.2115,base,v3,213500.0,0.9,1115.0913696675614,1238.9904107417346,C00001,airport_or_nearest_boundary,49.62659999680268,6.211500000000002,4.799606707790663e-07,road,False,6199.884903606175,5728.073662441745,3533.9343950555194,586074173.7119704,725403455.0946245,1155462.0094277973,6218137.157074207,1318851227.9730968,0.0,0.0,0.44276275119476677,0.5480221513083291,0.0008729194377480138,0.004697629819678145,0.045,0.055,rock,2.05656,mandate,2050,0.35,610.0,market,0.9653538583622041,107.20442104047824,34.96259115913894,4824198.946821521,steady_h2_store,1.0,1.0,0.0,0.0,3263.2781962892705,2175.5187975261806,5438.796993815451,4.896619172304018,307.2966497066321,199473.20630372834,10119148.414219351,9729950.398287838,1.04,0.026994806657956196,1.1111,0.21239144058463633,0.21239144058463633,mixed,0.4,0.0820487083546488,0.29967636750605625,heuristic,0.0820487083546488,0.29967636750605625,valid,1.0,1.0,6466345052.643812,5789077299.462859,0.0,1155462.0,1318851227.9730968,1218486649.5243442,1218486649.5243442,0,5
IRL,Ireland,core_eu27_uk_ch,Dublin Airport,DUB,53.4213,-6.2701,base,v3,306250.0,0.9,1599.5163089493706,1777.2403432770784,C00007,quartile,54.30458272259698,-7.57016564749122,175.56734862240006,rail,False,6322.360562201804,5841.228923418247,3603.745520455028,783896907.5578398,1101716289.3085077,5080875.821703744,9556588.95481956,1900250661.6428704,0.0,0.0,0.404858809685795,0.569002812998063,0.0026241171734492845,0.004935686302116435,0.065,0.075,rock,2.05656,mandate,2050,0.35,875.0,market,0.8389779321976725,119.90753510477259,132.76311210252368,35972260.53143178,flex_fuel_store,1.05,0.8474304166803416,8472.666686843095,10.098035398196668,4136.133211281403,2227.1486522284486,6363.281863509852,4.051996073909772,366.05695958470415,0.0,14857303.895708205,13756762.866396487,1.08,0.07407407407407414,1.1666666666666667,0.2665353026756287,0.2665353026756287,mixed,0.35000000000000003,0.08,0.3675259561186768,heuristic,0.08,0.3675259561186768,valid,1.0,3.0,7375888518.350234,7865880652.809023,0.0,1657425.0,1900250661.6428704,1755641586.2918482,1755641586.2918482,0,8
ARE,United Arab Emirates,renewable_rich_reference,Dubai International Airport,DXB,25.2532,55.3657,base,v3,740000.0,0.9,3864.953693461336,4294.392992734818,C00000,grid,23.59285336004176,51.82473534312471,544.3528531076598,rail,False,6430.79316828002,5941.409808173911,3665.552105919611,1641810768.4254282,3072081531.2340107,23764379.311640702,21130265.55613543,4758786944.527215,0.0,0.0,0.3450061512658331,0.6455597964449786,0.004993789297285233,0.0044402629919030176,0.08,0.09,rock,2.05656,mandate,2050,,6300.0,dac,1.0,0.0,0.0,0.0,flex_fuel_store,1.15,0.5354949279794934,66831.14510372511,32.96401076062117,5039.064436759158,11757.817019104705,16796.881455863862,4.3459463652256805,1287.7644455007533,0.0,36565553.903099015,33856994.35472131,1.08,0.07407407407407389,1.2777777777777777,0.24850743871154904,0.24850743871154904,solar,0.7000000000000001,0.2309697051218035,0.28899691027090074,heuristic,0.2309697051218035,0.28899691027090074,valid,1.0,12.0,14271044475.356796,20488454610.005257,0.0,4004880.0,4758786944.527215,4396643258.048695,4396643258.048695,0,12
HUN,Hungary,core_eu27_uk_ch,Budapest Ferenc Liszt International Airport,BUD,47.4369,19.2556,base,v3,129499.99999999999,0.9,676.3668963557338,751.5187737285931,C00003,grid,46.13548326255811,19.371098191341055,195.7203420665456,rail,False,6672.027203387397,6164.285933209617,3803.055505930816,344932980.2645684,494129777.1281877,2258340.3470343854,4103696.4723236985,845424794.2121141,0.0,0.0,0.399215269360088,0.571891246594528,0.002613736585166703,0.004749497398927123,0.056,0.066,rock,2.05656,mandate,2050,0.35,370.0,market,0.8096022846931937,124.0181908436914,164.41080656943973,18602728.62655371,flex_fuel_store,1.05,0.8433220247649051,3351.546700988727,9.446444369582126,1627.3143376768194,1988.939746049446,3616.2540837262654,5.46417037962663,144.34991992170697,0.0,6261271.933042327,5797474.012076229,1.08,0.07407407407407408,1.1666666666666667,0.19765123064734982,0.19765123064734982,solar,0.55,0.12093524068059663,0.2915088345390109,heuristic,0.12093524068059663,0.2915088345390109,valid,1.0,6.0,3528310818.115604,3677519092.075773,0.0,700853.9999999999,845424794.2121141,781087967.3725723,781087967.3725723,0,10
SAU,Saudi Arabia,renewable_rich_reference,King Khalid International Airport,RUH,24.9576,46.6988,base,v3,740000.0,0.9,3864.953693461336,4294.392992734818,C00180,grid,22.922490297768356,52.50902137202645,853.5764681263715,rail,False,6697.1974484948005,6187.5407226643465,3817.402545642036,1712488561.0821927,3188910878.937058,33396406.31076622,21130265.55613543,4955926111.886152,0.0,0.0,0.34554360222905844,0.6434540804167489,0.006738681238743497,0.00426363611544918,0.087,0.09699999999999999,rock,2.05656,mandate,2050,,1100.0,dac,1.0,0.0,0.0,0.0,flex_fuel_store,1.15,0.5384331136076388,66104.29290741924,32.60549582595679,5004.087209024603,11676.203487724079,16680.29069674868,4.315780218781953,1286.208911093167,0.0,36565553.903099015,33856994.35472131,1.08,0.074074074074074,1.2777777777777777,0.25024443907034954,0.25024443907034954,solar,0.7000000000000001,0.2309697051218035,0.2948010248865795,heuristic,0.2309697051218035,0.2948010248865795,valid,4.0,101.0,14173405863.633692,20488454610.005257,0.0,4004880.0,4955926111.886152,4578780134.771616,4578780134.771616,0,194
CYP,Cyprus,core_eu27_uk_ch,Larnaca International Airport,LCA,34.8751,33.6249,base,v3,75250.0,0.9,393.0240073418454,436.69334149093925,C00000,grid,35.08141754374276,32.81938304761777,103.8047385654029,road,False,6783.168281899107,6266.969175646585,3866.4059206824904,168188733.3660028,338970035.82483476,1125924.4503145926,2148719.571755663,510433413.2129078,0.0,0.0,0.32950180966278025,0.6640827717198176,0.002205820428618681,0.004209598188783552,0.06,0.06999999999999999,rock,2.05656,mandate,2050,0.35,215.0,dac,1.0,0.0,0.0,0.0,flex_fuel_store,1.05,0.7888851409851763,2516.342050079924,12.205512933942488,806.753135713457,806.753135713457,1613.506271426914,4.105363136312216,120.07269123417566,0.0,3718321.5286597325,3442890.304314566,1.0800000000000005,0.0740740740740743,1.1666666666666667,0.2630705163319967,0.2630705163319967,mixed,0.5,0.2206640538181248,0.3056164565864679,heuristic,0.2206640538181248,0.3056164565864679,valid,3.0,2.0,1658576638.6172156,2468924341.487055,0.0,407253.0,510433413.2129078,471589430.46740556,471589430.46740556,0,3
MAR,Morocco,renewable_rich_reference,Mohammed V International Airport,CMN,33.3675,-7.58997,base,v3,740000.0,0.9,3864.953693461336,4294.392992734818,C00008,grid,25.80720281809836,-14.667434210861758,1462.4854421631953,rail,False,7002.881796814693,6469.962492077096,3991.6426241843747,1955534737.4770293,3153104174.0727367,52363352.536970854,21130265.55613543,5182132529.642873,0.0,0.0,0.377361004623283,0.6084568767850546,0.010104595403039505,0.004077523188622817,0.1,0.11,rock,2.05656,mandate,2050,,430.0,dac,1.0,0.0,0.0,0.0,flex_fuel_store,1.05,0.7696618664062791,27209.847701460065,13.42107352842287,6706.80887827667,8197.210851227042,14904.019729503712,3.8561961957572954,1181.5952267090483,0.0,36565553.903099,33856994.35472131,1.0799999999999996,0.07407407407407408,1.1666666666666667,0.2800687374745738,0.2800687374745738,solar,0.55,0.2309697051218035,0.3402044104347515,heuristic,0.2309697051218035,0.3402044104347515,valid,30.0,54.0,14667246979.316565,18907782587.21084,0.0,4004880.0,5182132529.642873,4787772244.137051,4787772244.137051,0,64
MLT,Malta,core_eu27_uk_ch,Malta International Airport,MLA,35.8575,14.4775,base,v3,56350.0,0.9,294.31100084668424,327.0122231629824,C00002,quartile,35.850272136454414,14.494722441651154,2.3596759988243132,road,False,7062.49222829798,6525.036569724503,4025.620570129848,128935886.5067934,267109309.6259269,317199.7641840752,1609041.1676867993,397971437.06459117,0.0,0.0,0.3239827648381383,0.6711770864665717,0.0007970415327384245,0.0040431071625515935,0.049,0.059000000000000004,rock,2.05656,mandate,2050,0.35,161.0,dac,1.0,0.0,0.0,0.0,flex_fuel_store,1.15,0.5632739053826745,4837.630184621029,31.335137841822107,596.4236206669599,894.6354310004402,1491.0590516674001,5.066270195058523,98.54939203297138,0.0,2784417.516810309,2578164.367416954,1.0799999999999994,0.07407407407407378,1.2777777777777777,0.21317457585531013,0.21317457585531013,solar,0.6000000000000001,0.2132171057347997,0.21279095008272256,heuristic,0.2132171057347997,0.21279095008272256,valid,1.0,1.0,1397143199.61829,2068866861.4305556,0.0,304966.2,397971437.06459117,367685810.7039758,367685810.7039758,0,4
ROU,Romania,core_eu27_uk_ch,Henri Coanda Bucharest Airport,OTP,44.5711,26.085,base,v3,98000.0,0.9,511.8452188637986,568.7169098486651,C00013,grid,43.924442507943645,25.505264725646985,115.36450004710835,road,False,7197.702738133623,6649.957559761655,4102.690560736165,291958421.8535331,378635687.1696087,1570547.5553087473,3390946.465542259,675555603.0439929,0.0,0.0,0.41390533595535994,0.53678647222325,0.0022265431131835997,0.0048072969675490955,0.076,0.086,salt,0.97416,mandate,2050,0.35,280.0,market,0.6326684078259404,136.1610287356265,257.89779452779703,29819265.293102205,steady_h2_store,1.0,1.0,0.0,0.0,1088.0594332323815,1472.0804096673403,2560.1398428997218,5.191204857717568,98.63374353619125,160602.09143556052,4492964.28556058,4320157.966885173,1.04,0.0354111733182218,1.1111,0.20033884782140146,0.20033884782140146,solar,0.5750000000000001,0.14151764460523583,0.27985334971896453,heuristic,0.14151764460523583,0.27985334971896453,valid,1.0,4.0,2595210235.190473,2494588536.7083,0.0,530376.0,675555603.0439929,624145821.6523451,624145821.6523451,0,27
EST,Estonia,core_eu27_uk_ch,Tallinn Airport,TLL,59.4133,24.8328,base,v3,19600.0,0.9,102.36904377275971,113.74338196973302,C00001,grid,58.05235398648791,25.51239942982837,211.0435529457873,rail,False,7773.812600056228,7182.22546119195,4431.07318203205,57331393.84134921,80441654.37232615,354444.9617911609,882325.3727831356,139009818.54824963,0.0,0.0,0.3762723987369331,0.5279476430104206,0.0023262622283777724,0.005790800855152488,0.072,0.08199999999999999,rock,2.05656,mandate,2050,0.35,56.0,market,0.0,112.01859437936467,72.02662585738994,13356908.41285242,steady_h2_store,1.0,1.0,0.0,0.0,260.28270738951386,173.5218049263426,433.80451231585647,4.496277043989343,19.296164719021043,17566.99165982458,878978.8952808458,845172.0146931208,1.0400000000000003,0.026703101135118174,1.1111,0.23130247309610957,0.23130247309610957,mixed,0.4,0.08,0.33259980302698,heuristic,0.08,0.33259980302698,valid,1.0,4.0,518097848.6244192,500697474.7830718,0.0,106075.2,139009818.54824963,128431171.35672784,128431171.35672784,0,6
SVK,Slovakia,core_eu27_uk_ch,Bratislava Airport,BTS,48.1702,17.2127,base,v3,9800.0,0.9,51.184521886379855,56.87169098486651,C00001,grid,48.13399222543187,18.861648592707116,165.2267257158476,rail,False,7787.091033363452,7194.493405724494,4438.641889017167,27004198.940663695,41944772.90500077,158322.36768309763,441162.6863915678,69548456.89973913,0.0,0.0,0.3538587763188341,0.5496377080374957,0.0020746314088169186,0.0057809264665494645,0.055,0.065,rock,2.05656,mandate,2050,0.35,28.0,market,0.0,113.47082927531102,83.20729609595202,6765035.227222686,steady_h2_store,1.0,1.0,0.0,0.0,145.0898104266356,78.1252825374192,223.21509296405483,4.627139044766187,9.648082359510521,8401.175926241045,439489.4476404229,422586.0073465604,1.0400000000000003,0.025168081274550898,1.1111,0.22476091380403984,0.22476091380403984,mixed,0.35000000000000003,0.10256848639859405,0.29092743234047985,heuristic,0.10256848639859405,0.29092743234047985,valid,1.0,3.0,275245402.00203615,250348737.3915359,0.0,53037.6,69548456.89973913,64255819.329668984,64255819.329668984,0,8
LVA,Latvia,core_eu27_uk_ch,Riga Airport,RIX,56.9236,23.9711,base,v3,44100.0,0.9,230.33034848870938,255.9226094318993,C00005,quartile,56.45404224855424,22.808287650314533,118.98476494507895,road,False,8058.652853972212,7445.389371784927,4593.432126764161,140617848.1140334,180738993.62652996,721435.1772477106,1985232.0887620552,324063509.00657314,0.0,0.0,0.3956757281519351,0.5085700988016203,0.0020300011193488065,0.005586119847563796,0.09,0.09999999999999999,rock,2.05656,mandate,2050,0.35,126.0,market,0.0,116.75248634278829,108.47257901259763,31323081.85360136,flex_fuel_store,1.05,0.8424520401466922,1261.1259598254028,10.437890597194377,647.095012120962,277.3264337661266,924.4214458870886,4.258400380929807,45.55972562047811,0.0,2053767.9957042837,1901637.0330595218,1.08,0.07407407407407417,1.1666666666666667,0.25361635905268864,0.25361635905268864,mixed,0.30000000000000004,0.07999999999999999,0.3285152476966939,heuristic,0.07999999999999999,0.3285152476966939,valid,1.0,2.0,1111496297.271171,1080404498.419324,0.0,238669.19999999998,324063509.00657314,299402275.9711729,299402275.9711729,0,8
BGR,Bulgaria,core_eu27_uk_ch,Sofia Airport,SOF,42.695,23.4062,base,v3,56000.0,0.9,292.4829822078849,324.9810913420944,C00005,grid,41.51600755131747,24.93341415295864,245.45495812864678,rail,False,8186.886359738834,7563.864307762708,4666.525225051135,174064492.61421874,256638362.803481,1093815.3727663965,2126717.123167005,433923387.9136331,0.0,0.0,0.3796674797214784,0.55977666060473,0.0023858175761281245,0.0046387710560986195,0.09,0.09999999999999999,rock,2.05656,mandate,2050,0.35,160.0,market,0.4276168683589139,125.85768323970001,178.57294930786526,24542248.231741503,flex_fuel_store,1.05,0.8191945770879454,1761.0861743221894,11.478508100492842,681.126893078852,681.126893078852,1362.253786157704,4.868372951019025,58.61785939634875,0.0,2647293.202420564,2451197.4096486703,1.08,0.07407407407407389,1.1666666666666667,0.22184002969081065,0.22184002969081065,mixed,0.5,0.1627818071573305,0.28092075959298146,heuristic,0.1627818071573305,0.28092075959298146,valid,1.0,9.0,1391376292.565574,1562845655.7795544,0.0,303072.0,433923387.9136331,400901818.09340566,400901818.09340566,0,15
LTU,Lithuania,core_eu27_uk_ch,Vilnius Airport,VNO,54.6341,25.2858,base,v3,28000.0,0.9,146.24149110394245,162.4905456710472,C00003,grid,56.18660762611936,23.556633444675306,275.71108200043386,rail,False,8343.82265290927,7708.8577490228745,4755.9789121582835,92562614.96924114,119862341.72499524,582567.9573934714,1260464.8182616225,214267989.4698915,0.0,0.0,0.39619821932819366,0.5130499648452175,0.00249358110111362,0.005395201039718253,0.088,0.09799999999999999,rock,2.05656,mandate,2050,0.35,80.0,market,0.0,113.64913533154315,84.58006383609842,19359044.811568078,steady_h2_store,1.0,1.0,0.0,0.0,370.0236557868715,273.49574558160066,643.5194013684721,4.66894419193976,27.56594959860148,24031.711927901968,1255684.1361154935,1207388.5924187438,1.04,0.025129556182647273,1.1111,0.22274843246047057,0.22274843246047057,mixed,0.42500000000000004,0.08000000000000002,0.32867296637331345,heuristic,0.08000000000000002,0.32867296637331345,valid,1.0,8.0,749721660.6042169,715282106.8329599,0.0,151536.0,214267989.4698915,197962195.47123277,197962195.47123277,0,10
HRV,Croatia,core_eu27_uk_ch,Zagreb Franjo Tudman Airport,ZAG,45.7429,16.0688,base,v3,29049.999999999996,0.9,151.7255470203403,168.58394113371142,C00000,grid,44.042381796697036,15.457364865898514,263.4193668618247,rail,False,8411.61452563241,7771.490660231785,4794.6202796104735,85233621.94882022,149253275.2672763,589383.8072181302,1016219.6951428837,236092500.71845755,0.0,0.0,0.34880720314507374,0.6107990757154614,0.002411974437718905,0.004158743246374915,0.078,0.088,rock,2.05656,mandate,2050,0.35,83.0,market,0.6095699862021877,119.78117755310089,131.79029281458554,8264901.251163961,flex_fuel_store,1.05,0.8203509302845579,908.5845394222447,11.415950323205486,342.36619649533355,418.4475734942966,760.8137699896301,5.20845616354521,30.592708397464737,0.0,1381965.5362556677,1279597.7187552475,1.0800000000000003,0.07407407407407411,1.1666666666666667,0.20735510986136102,0.20735510986136102,solar,0.55,0.13844696726222508,0.2916056396451024,heuristic,0.13844696726222508,0.2916056396451024,valid,1.0,5.0,742433854.0534315,963939291.5767698,0.0,157218.59999999998,236092500.71845755,218125861.41378295,218125861.41378295,0,5
SVN,Slovenia,core_eu27_uk_ch,Ljubljana Airport,LJU,46.2237,14.4576,base,v3,7000.0,0.9,36.56037277598561,40.6226364177618,C00001,grid,45.8601684244332,15.620813311552249,132.92168314772238,road,False,9068.691677457362,8378.564240802858,5169.154256150696,22519385.761694558,35967287.988327734,123489.28575426135,315116.2045654056,58925279.24034196,0.0,0.0,0.35474302393699764,0.5665849254865343,0.0019453000679442267,0.004963957564474432,0.078,0.088,rock,2.05656,mandate,2050,0.35,20.0,market,0.0,106.97547204927531,33.19992646953769,4555562.501859576,steady_h2_store,1.0,1.0,0.0,0.0,100.01195646022965,60.0071738761378,160.01913033636745,4.643964968853775,6.89148739965037,6553.736868473031,313921.0340288733,301847.14810468594,1.0399999999999998,0.019140506902882454,1.1111,0.22394656440672786,0.22394656440672786,mixed,0.375,0.11929724056672049,0.2870481800107932,heuristic,0.11929724056672049,0.2870481800107932,valid,1.0,2.0,194811817.88667178,178820526.70823997,0.0,37884.0,58925279.24034196,54441065.49015194,54441065.49015194,0,3
