country,scenario,plant_kt,strategy,carbon,wind,solar_pv,battery,seasonal_h2_store,fuel_tank_store,electrolyser_flex_oversize,electrolyser_incl_stacks,dac,ft_rwgs_upgrading,heat_pump,compressors,buffers_co2_h2,fixed_site_services,purchased_biogenic_co2,fuel_transport,airport_fee,water,total,model_delivered,check_diff
FIN,740 kt fixed (2030 tech),740.0,flex_fuel_store,market,1727.0,310.64,24.61,0.0,0.81,0.0,1263.38,0.0,499.6,0.0,55.96,139.36,91.89,817.33,13.58,5.41,45.02,4994.6,4994.6,-0.0
DNK,740 kt fixed (2030 tech),740.0,steady_h2_store,market,1791.21,287.24,23.73,96.03,0.0,0.0,1193.36,549.34,471.6,0.0,53.18,70.3,91.89,308.87,19.93,5.41,35.76,4997.86,4997.86,-0.0
DEU,740 kt fixed (2030 tech),740.0,steady_h2_store,market,1955.04,350.61,23.27,76.58,0.0,0.0,1193.36,0.0,471.6,0.0,53.18,70.3,91.89,776.43,23.45,5.41,45.02,5136.15,5136.15,0.0
FRA,740 kt fixed (2030 tech),740.0,steady_h2_store,market,1845.58,368.81,23.61,67.19,0.0,0.0,1193.36,404.02,471.6,0.0,53.18,70.3,91.89,496.1,25.42,5.41,38.21,5154.67,5154.67,-0.0
GBR,740 kt fixed (2030 tech),740.0,steady_h2_store,market,1844.37,337.41,25.1,106.5,0.0,0.0,1285.43,0.0,515.26,0.0,58.1,76.8,91.89,760.86,23.34,5.41,45.02,5175.5,5175.5,-0.0
ESP,740 kt fixed (2030 tech),740.0,steady_h2_store,market,1425.06,533.68,25.62,145.73,0.0,0.0,1271.93,798.09,508.87,3.35,57.38,75.85,91.89,205.59,29.35,5.41,32.56,5210.36,5210.36,0.0
PRT,740 kt fixed (2030 tech),740.0,steady_h2_store,market,1465.57,548.85,28.88,141.17,0.0,0.0,1271.93,886.44,508.87,7.94,57.38,75.85,91.89,120.26,10.83,5.41,31.18,5252.46,5252.46,0.0
ITA,740 kt fixed (2030 tech),740.0,flex_fuel_store,market,1390.2,703.65,27.03,0.0,1.85,0.0,1370.53,234.47,545.13,0.0,60.66,143.67,91.89,664.98,27.07,5.41,41.61,5308.17,5308.17,-0.0
SWE,740 kt fixed (2030 tech),740.0,flex_fuel_store,market,1872.42,343.89,26.7,0.0,0.95,0.0,1367.84,0.0,549.05,0.0,61.49,153.15,91.89,796.89,27.56,5.41,45.02,5342.28,5342.28,0.0
POL,740 kt fixed (2030 tech),740.0,steady_h2_store,market,2015.08,326.0,24.71,99.0,0.0,0.0,1232.11,732.38,489.99,1.35,55.25,73.04,91.89,235.66,25.85,5.41,33.14,5440.88,5440.88,0.0
CHE,740 kt fixed (2030 tech),740.0,steady_h2_store,market,1957.56,391.77,27.81,150.91,0.0,0.0,1199.74,837.29,474.63,7.95,53.52,140.51,91.89,106.8,15.11,5.41,31.0,5491.91,5491.91,-0.0
BEL,740 kt fixed (2030 tech),740.0,steady_h2_store,market,2026.55,449.97,27.51,141.39,0.0,0.0,1193.36,829.34,471.6,7.76,53.18,139.62,91.89,106.21,10.6,5.41,31.04,5585.44,5585.44,-0.0
NLD,740 kt fixed (2030 tech),740.0,steady_h2_store,market,2159.7,392.95,25.07,88.85,0.0,0.0,1258.54,599.23,502.52,0.0,56.67,74.91,91.89,302.55,13.18,5.41,35.54,5607.01,5607.01,-0.0
CYP,740 kt fixed (2030 tech),740.0,flex_fuel_store,dac,1349.31,693.0,44.0,0.0,2.11,0.0,1452.31,1213.02,583.76,18.7,64.96,153.85,91.89,0.0,9.55,5.41,28.55,5710.43,5710.43,0.0
GRC,740 kt fixed (2030 tech),740.0,steady_h2_store,dac,1560.87,723.06,40.03,166.35,0.0,0.0,1326.59,1108.01,534.76,17.5,60.3,79.71,91.89,0.0,21.4,5.41,28.55,5764.43,5764.43,0.0
AUT,740 kt fixed (2030 tech),740.0,steady_h2_store,market,2130.49,433.71,25.37,157.0,0.0,0.0,1278.67,493.24,512.06,0.0,57.74,151.59,91.89,401.06,7.09,5.41,37.36,5782.69,5782.69,0.0
MLT,740 kt fixed (2030 tech),740.0,flex_fuel_store,dac,1488.51,753.41,43.41,0.0,2.8,0.0,1429.65,1181.61,567.89,18.02,62.8,141.76,91.89,0.0,0.22,5.41,28.55,5815.93,5815.93,0.0
LUX,740 kt fixed (2030 tech),740.0,steady_h2_store,dac,2095.13,468.64,36.95,157.0,0.0,0.0,1225.58,1008.84,486.89,15.93,54.91,144.14,91.89,0.0,0.0,5.41,28.55,5819.86,5819.86,0.0
CZE,740 kt fixed (2030 tech),740.0,steady_h2_store,market,2123.14,533.86,26.07,162.35,0.0,0.0,1292.22,823.73,518.48,3.96,58.47,153.49,91.89,174.18,11.22,5.41,32.39,6010.87,6010.87,-0.0
HUN,740 kt fixed (2030 tech),740.0,flex_fuel_store,market,1893.43,788.32,38.66,0.0,0.9,0.0,1360.67,1094.54,545.66,15.73,61.11,152.21,91.89,25.14,12.03,5.41,29.1,6114.8,6114.8,0.0
IRL,740 kt fixed (2030 tech),740.0,flex_fuel_store,market,2154.18,399.61,38.6,0.0,1.03,0.0,1426.22,1116.82,576.64,14.58,64.58,160.85,91.89,48.61,11.18,5.41,29.65,6139.86,6139.86,-0.0
SVK,740 kt fixed (2030 tech),740.0,steady_h2_store,market,2300.2,421.36,37.17,162.89,0.0,0.0,1292.22,1042.08,518.48,15.29,58.47,153.49,91.89,21.58,10.74,5.41,29.05,6160.32,6160.32,-0.0
ARE,740 kt fixed (2030 tech),740.0,flex_fuel_store,dac,1190.85,973.25,50.76,0.0,3.8,0.0,1679.24,1426.22,685.45,21.75,75.8,171.11,91.89,0.0,26.7,5.41,28.55,6430.79,6430.79,0.0
EST,740 kt fixed (2030 tech),740.0,steady_h2_store,market,2313.11,535.56,37.36,198.11,0.0,0.0,1411.74,1096.97,575.02,13.91,64.84,170.23,91.89,56.88,12.67,5.41,29.86,6613.57,6613.57,-0.0
ROU,740 kt fixed (2030 tech),740.0,steady_h2_store,market,1893.93,990.93,40.2,170.24,0.0,0.0,1440.91,1160.65,588.8,16.18,66.4,87.77,91.89,40.3,15.5,5.41,29.36,6638.46,6638.46,-0.0
SAU,740 kt fixed (2030 tech),740.0,flex_fuel_store,dac,1238.55,1019.16,52.5,0.0,3.97,0.0,1739.26,1484.86,713.63,22.64,78.91,178.15,91.89,0.0,39.72,5.41,28.55,6697.2,6697.2,0.0
HRV,740 kt fixed (2030 tech),740.0,flex_fuel_store,dac,2112.25,902.39,46.0,0.0,1.3,0.0,1524.69,1292.96,623.1,20.17,69.79,173.81,91.89,0.0,14.88,5.41,28.55,6907.19,6907.19,0.0
MAR,740 kt fixed (2030 tech),740.0,flex_fuel_store,dac,1803.35,786.08,51.38,0.0,1.79,0.0,1700.29,1464.35,705.7,22.84,79.04,196.85,91.89,0.0,65.35,5.41,28.55,7002.88,7002.88,0.0
SVN,740 kt fixed (2030 tech),740.0,flex_fuel_store,market,2227.0,951.41,39.55,0.0,1.08,0.0,1524.69,1180.95,623.1,14.43,69.79,173.81,91.89,59.6,12.23,5.41,29.98,7004.92,7004.92,0.0
LTU,740 kt fixed (2030 tech),740.0,flex_fuel_store,market,2832.61,428.52,40.04,0.0,1.29,0.0,1603.21,1216.34,660.08,13.51,73.93,184.12,91.89,82.16,15.39,5.41,30.4,7278.89,7278.89,0.0
BGR,740 kt fixed (2030 tech),740.0,flex_fuel_store,market,2362.7,835.52,45.56,0.0,1.43,0.0,1619.18,1325.27,667.59,18.53,74.77,186.22,91.89,33.17,14.12,5.41,29.27,7310.63,7310.63,0.0
LVA,740 kt fixed (2030 tech),740.0,flex_fuel_store,market,2874.29,435.62,41.24,0.0,1.3,0.0,1619.18,1244.96,667.59,14.42,74.77,186.22,91.89,74.34,10.95,5.41,30.22,7372.38,7372.38,0.0
FRA,2030 mandate (2030 tech),49.0,steady_h2_store,market,1819.05,363.51,23.27,66.22,0.0,0.0,1366.91,0.0,951.34,0.0,96.65,158.76,272.29,704.12,25.42,5.41,45.02,5897.98,5897.98,-0.0
DEU,2030 mandate (2030 tech),43.5,steady_h2_store,market,1955.04,350.61,23.27,76.58,0.0,0.0,1375.09,0.0,989.55,0.0,99.23,164.55,285.61,667.35,23.45,5.41,45.02,6060.77,6060.77,0.0
ESP,2030 mandate (2030 tech),30.6,steady_h2_store,market,1381.03,517.19,24.83,141.22,0.0,0.0,1491.55,0.0,1198.73,0.0,115.65,197.25,328.61,720.46,29.35,5.41,45.02,6196.32,6196.32,-0.0
GBR,2030 mandate (2030 tech),31.6,steady_h2_store,market,1844.37,337.41,25.1,106.5,0.0,0.0,1504.92,0.0,1200.74,0.0,116.27,197.77,324.33,659.0,23.34,5.41,45.02,6390.18,6390.18,0.0
ARE,2030 mandate (2030 tech),740.0,flex_fuel_store,dac,1190.85,973.25,50.76,0.0,3.8,0.0,1679.24,1426.22,685.45,21.75,75.8,171.11,91.89,0.0,26.7,5.41,28.55,6430.79,6430.79,0.0
NLD,2030 mandate (2030 tech),36.1,steady_h2_store,market,2116.73,385.14,24.57,87.08,0.0,0.0,1463.69,0.0,1120.86,0.0,110.13,185.35,307.56,659.68,13.18,5.41,45.02,6524.4,6524.4,-0.0
PRT,2030 mandate (2030 tech),12.9,steady_h2_store,market,1406.59,526.77,24.83,136.28,0.0,0.0,1493.03,0.0,1206.59,0.0,116.16,198.42,773.16,672.96,10.83,5.41,45.02,6616.06,6616.06,0.0
DNK,2030 mandate (2030 tech),9.8,steady_h2_store,market,1756.38,281.65,23.27,94.17,0.0,0.0,1400.8,0.0,1118.24,0.0,107.65,183.89,1014.78,645.16,19.93,5.41,45.02,6696.35,6696.35,-0.0
SAU,2030 mandate (2030 tech),740.0,flex_fuel_store,dac,1238.55,1019.16,52.5,0.0,3.97,0.0,1739.26,1484.86,713.63,22.64,78.91,178.15,91.89,0.0,39.72,5.41,28.55,6697.2,6697.2,0.0
ITA,2030 mandate (2030 tech),17.1,flex_fuel_store,market,1631.93,550.67,25.57,0.0,1.0,0.0,1542.99,0.0,1243.28,0.0,119.69,386.73,579.87,667.68,27.07,5.41,45.02,6826.91,6826.91,0.0
CHE,2030 mandate (2030 tech),12.2,steady_h2_store,market,1876.48,375.55,23.4,145.54,0.0,0.0,1408.29,0.0,1125.42,0.0,108.34,367.58,811.82,661.23,15.11,5.41,45.02,6969.18,6969.18,0.0
MAR,2030 mandate (2030 tech),740.0,flex_fuel_store,dac,1803.35,786.08,51.38,0.0,1.79,0.0,1700.29,1464.35,705.7,22.84,79.04,196.85,91.89,0.0,65.35,5.41,28.55,7002.88,7002.88,0.0
BEL,2030 mandate (2030 tech),11.9,steady_h2_store,market,1943.21,431.46,23.27,136.35,0.0,0.0,1400.8,0.0,1118.24,0.0,107.65,365.23,832.64,655.2,10.6,5.41,45.02,7075.08,7075.08,0.0
FIN,2030 mandate (2030 tech),7.7,steady_h2_store,market,1595.02,393.82,23.53,142.14,0.0,0.0,1415.82,0.0,1132.64,0.0,109.04,369.93,1288.61,651.33,26.97,5.41,45.02,7199.28,7199.28,0.0
POL,2030 mandate (2030 tech),6.5,steady_h2_store,market,1960.92,317.24,24.04,96.34,0.0,0.0,1446.29,0.0,1161.84,0.0,111.85,191.06,1531.74,670.31,25.85,5.41,45.02,7587.92,7587.92,0.0
AUT,2030 mandate (2030 tech),10.4,steady_h2_store,market,2096.12,426.71,24.97,154.47,0.0,0.0,1500.94,0.0,1214.16,0.0,116.89,396.56,955.09,651.43,7.09,5.41,45.02,7594.85,7594.85,0.0
LUX,2030 mandate (2030 tech),7.5,steady_h2_store,market,1975.26,441.83,23.92,148.02,0.0,0.0,1438.62,11.01,1154.49,0.0,111.14,377.07,1330.86,646.12,0.0,5.41,44.86,7708.62,7708.62,0.0
IRL,2030 mandate (2030 tech),10.7,steady_h2_store,market,1867.67,526.44,26.59,177.26,0.0,0.0,1598.32,0.0,1307.29,0.0,125.85,426.98,927.8,677.67,11.18,5.41,45.02,7723.47,7723.47,0.0
GRC,2030 mandate (2030 tech),8.8,steady_h2_store,market,1612.95,610.41,29.6,153.29,0.0,0.0,1557.19,1082.29,1267.98,20.52,122.07,208.52,1127.53,129.76,21.4,5.41,31.32,7980.24,7980.24,-0.0
SWE,2030 mandate (2030 tech),6.1,steady_h2_store,market,1712.24,477.84,25.5,161.66,0.0,0.0,1532.89,0.0,1244.74,0.0,119.83,406.55,1640.05,647.34,27.56,5.41,45.02,8046.63,8046.63,0.0
CZE,2030 mandate (2030 tech),4.9,steady_h2_store,market,2055.2,516.78,25.23,157.15,0.0,0.0,1516.85,0.0,1229.39,0.0,118.35,401.53,2029.56,651.72,11.22,5.41,45.02,8763.42,8763.42,-0.0
HUN,2030 mandate (2030 tech),4.5,steady_h2_store,market,2082.83,425.7,25.37,171.55,0.0,0.0,1524.86,0.0,1237.05,0.0,119.09,404.04,2194.12,684.75,12.03,5.41,45.02,8931.81,8931.81,0.0
ROU,2030 mandate (2030 tech),3.4,steady_h2_store,market,1848.78,872.47,28.14,164.74,0.0,0.0,1691.38,0.0,1396.13,0.0,134.4,229.59,2899.37,692.9,10.61,5.41,45.02,10018.97,10018.97,0.0
CYP,2030 mandate (2030 tech),2.6,steady_h2_store,dac,1438.05,601.8,40.03,348.97,0.0,0.0,1557.19,1300.62,1267.98,45.77,122.07,414.14,3775.92,0.0,9.55,5.41,28.55,10956.06,10956.06,-0.0
MLT,2030 mandate (2030 tech),2.0,steady_h2_store,dac,601.98,1421.89,37.76,658.63,0.0,102.15,1469.51,1214.55,1184.07,42.74,113.99,386.73,5042.38,0.0,0.22,5.41,28.55,12310.57,12310.57,0.0
BGR,2030 mandate (2030 tech),2.0,flex_fuel_store,market,2237.75,791.34,31.61,0.0,1.43,0.0,1905.29,0.0,1589.14,0.0,152.99,494.32,5073.89,665.39,14.12,5.41,45.02,13007.7,13007.7,0.0
LVA,2030 mandate (2030 tech),1.5,steady_h2_store,market,2506.64,590.95,30.18,222.74,0.0,0.0,1814.56,0.0,1513.47,0.0,145.7,494.32,6443.04,647.01,10.95,5.41,45.02,14469.98,14469.98,0.0
HRV,2030 mandate (2030 tech),1.0,flex_fuel_store,market,1990.75,850.49,29.77,0.0,1.3,0.0,1794.1,0.0,1483.25,0.0,142.79,461.38,9781.0,661.26,14.88,5.41,45.02,17261.39,17261.39,0.0
LTU,2030 mandate (2030 tech),1.0,steady_h2_store,market,2436.23,635.62,29.88,204.07,0.0,0.0,1796.66,0.0,1496.44,0.0,144.06,488.75,10147.78,643.48,15.39,5.41,45.02,18088.81,18088.81,0.0
EST,2030 mandate (2030 tech),0.7,steady_h2_store,market,2199.78,509.32,27.57,188.4,0.0,0.0,1657.14,0.0,1363.46,0.0,131.26,445.32,14496.83,641.63,12.67,5.41,45.02,21723.83,21723.83,0.0
SVK,2030 mandate (2030 tech),0.3,steady_h2_store,market,2175.26,398.47,25.23,156.57,0.0,0.0,1516.85,0.0,1229.39,0.0,118.35,401.53,28993.67,643.28,10.74,5.41,45.02,35719.78,35719.78,-0.0
SVN,2030 mandate (2030 tech),0.2,steady_h2_store,market,2465.27,517.03,28.43,206.32,0.0,0.0,1708.67,0.0,1412.62,0.0,135.99,461.38,40591.14,635.89,12.23,5.41,45.02,48225.39,48225.39,0.0
DNK,2050 mandate (2030 tech),280.0,steady_h2_store,market,1756.38,281.65,23.27,94.17,0.0,0.0,1252.78,0.0,535.08,0.0,65.86,94.09,135.55,700.34,19.93,5.41,45.02,5009.54,5009.54,-0.0
FRA,2050 mandate (2030 tech),1400.0,steady_h2_store,market,1863.32,372.35,23.84,67.83,0.0,0.0,1155.91,653.06,448.15,0.0,46.22,58.06,71.21,262.23,25.42,5.41,33.66,5086.67,5086.67,0.0
DEU,2050 mandate (2030 tech),1242.5,steady_h2_store,market,1955.04,350.61,23.27,76.58,0.0,0.0,1162.83,0.0,452.45,0.0,47.45,60.17,74.69,819.01,23.45,5.41,45.02,5096.0,5096.0,-0.0
ESP,2050 mandate (2030 tech),875.0,steady_h2_store,market,1431.27,536.01,26.13,146.25,0.0,0.0,1261.32,830.64,502.09,5.14,55.31,72.13,85.93,173.87,29.35,5.41,31.94,5192.79,5192.79,0.0
FIN,2050 mandate (2030 tech),220.5,flex_fuel_store,market,1727.0,310.64,24.61,0.0,0.81,0.0,1342.22,0.0,605.92,0.0,73.03,200.39,149.14,733.38,13.58,5.41,45.02,5231.16,5231.16,0.0
ITA,2050 mandate (2030 tech),490.0,flex_fuel_store,market,1380.13,698.55,26.84,0.0,1.85,0.0,1399.08,0.0,563.41,0.0,66.42,162.58,108.37,820.79,27.07,5.41,45.02,5305.51,5305.51,-0.0
PRT,2050 mandate (2030 tech),367.5,steady_h2_store,market,1440.3,539.39,25.43,139.54,0.0,0.0,1317.23,741.74,538.17,0.0,66.94,93.57,121.58,242.16,10.83,5.41,33.83,5316.12,5316.12,-0.0
GBR,2050 mandate (2030 tech),217.0,steady_h2_store,market,1844.37,337.41,25.1,106.5,0.0,0.0,1366.74,0.0,635.92,0.0,76.11,110.97,150.1,701.99,23.34,5.41,45.02,5428.99,5428.99,0.0
CHE,2050 mandate (2030 tech),350.0,steady_h2_store,market,1921.86,384.63,23.97,149.06,0.0,0.0,1245.5,700.17,503.93,0.0,63.11,175.9,123.98,225.81,15.11,5.41,33.73,5572.16,5572.16,0.0
NLD,2050 mandate (2030 tech),1032.5,steady_h2_store,market,2168.69,394.59,25.17,89.22,0.0,0.0,1237.76,712.48,489.31,0.0,52.66,67.78,80.43,216.84,13.18,5.41,33.56,5587.09,5587.09,-0.0
POL,2050 mandate (2030 tech),185.5,steady_h2_store,market,1960.92,317.24,24.04,96.34,0.0,0.0,1320.37,0.0,636.86,0.0,74.91,110.61,159.82,834.83,25.85,5.41,45.02,5612.23,5612.23,0.0
BEL,2050 mandate (2030 tech),341.2,steady_h2_store,market,1989.26,441.69,23.82,139.58,0.0,0.0,1240.45,682.53,501.73,0.0,63.05,176.11,125.24,230.31,10.6,5.41,33.95,5663.74,5663.74,0.0
SWE,2050 mandate (2030 tech),173.2,flex_fuel_store,market,1872.42,343.89,26.7,0.0,0.95,0.0,1470.83,0.0,721.05,0.0,84.64,236.75,164.25,712.02,27.56,5.41,45.02,5711.49,5711.49,0.0
AUT,2050 mandate (2030 tech),297.5,steady_h2_store,market,2096.12,426.71,24.97,154.47,0.0,0.0,1338.27,0.0,569.48,0.0,70.56,199.25,132.3,733.89,7.09,5.41,45.02,5803.55,5803.55,0.0
GRC,2050 mandate (2030 tech),252.0,steady_h2_store,dac,1560.87,723.06,40.03,166.35,0.0,0.0,1400.0,1169.33,628.2,24.17,76.43,110.12,141.39,0.0,21.4,5.41,28.55,6095.31,6095.31,-0.0
CZE,2050 mandate (2030 tech),140.0,flex_fuel_store,market,2290.18,333.91,26.49,0.0,0.99,0.0,1471.03,0.0,764.04,0.0,87.6,249.27,178.86,735.44,11.22,5.41,45.02,6199.46,6199.46,0.0
LUX,2050 mandate (2030 tech),213.5,steady_h2_store,market,2086.92,466.8,34.96,156.39,0.0,0.0,1304.17,1036.33,604.14,20.5,72.17,209.29,151.08,22.6,0.0,5.41,29.12,6199.88,6199.88,0.0
IRL,2050 mandate (2030 tech),306.2,flex_fuel_store,market,2131.03,395.31,32.29,0.0,1.03,0.0,1490.55,1049.16,627.5,11.45,78.42,209.59,130.78,117.46,11.18,5.41,31.21,6322.36,6322.36,0.0
ARE,2050 mandate (2030 tech),740.0,flex_fuel_store,dac,1190.85,973.25,50.76,0.0,3.8,0.0,1679.24,1426.22,685.45,21.75,75.8,171.11,91.89,0.0,26.7,5.41,28.55,6430.79,6430.79,0.0
HUN,2050 mandate (2030 tech),129.5,flex_fuel_store,market,1859.69,774.27,28.72,0.0,0.9,0.0,1484.57,1000.16,788.83,11.15,89.67,256.75,184.53,143.65,12.03,5.41,31.69,6672.03,6672.03,0.0
SAU,2050 mandate (2030 tech),740.0,flex_fuel_store,dac,1238.55,1019.16,52.5,0.0,3.97,0.0,1739.26,1484.86,713.63,22.64,78.91,178.15,91.89,0.0,39.72,5.41,28.55,6697.2,6697.2,0.0
CYP,2050 mandate (2030 tech),75.2,flex_fuel_store,dac,1632.81,559.07,41.99,0.0,1.2,0.0,1557.77,1301.1,967.19,35.94,103.58,309.72,229.28,0.0,9.55,5.41,28.55,6783.17,6783.17,0.0
MAR,2050 mandate (2030 tech),740.0,flex_fuel_store,dac,1803.35,786.08,51.38,0.0,1.79,0.0,1700.29,1464.35,705.7,22.84,79.04,196.85,91.89,0.0,65.35,5.41,28.55,7002.88,7002.88,0.0
MLT,2050 mandate (2030 tech),56.4,flex_fuel_store,dac,1488.51,753.41,43.41,0.0,2.8,0.0,1626.1,1343.97,1056.09,39.01,110.66,306.95,257.4,0.0,0.22,5.41,28.55,7062.49,7062.49,0.0
ROU,2050 mandate (2030 tech),98.0,steady_h2_store,market,1890.04,891.94,28.77,168.42,0.0,0.0,1594.18,853.96,944.65,0.0,103.59,160.96,206.29,304.28,10.61,5.41,34.6,7197.7,7197.7,0.0
EST,2050 mandate (2030 tech),19.6,steady_h2_store,market,2199.78,509.32,27.57,188.4,0.0,0.0,1657.14,0.0,1363.46,0.0,131.26,445.32,506.98,681.47,12.67,5.41,45.02,7773.81,7773.81,0.0
SVK,2050 mandate (2030 tech),9.8,steady_h2_store,market,2175.26,398.47,25.23,156.57,0.0,0.0,1516.85,0.0,1229.39,0.0,118.35,401.53,1013.95,690.31,10.74,5.41,45.02,7787.09,7787.09,-0.0
LVA,2050 mandate (2030 tech),44.1,flex_fuel_store,market,2740.33,415.31,31.67,0.0,1.3,0.0,1864.38,0.0,1377.07,0.0,139.05,433.96,283.92,710.27,10.95,5.41,45.02,8058.65,8058.65,0.0
BGR,2050 mandate (2030 tech),56.0,flex_fuel_store,market,2271.5,803.27,32.09,0.0,1.43,0.0,1842.25,673.97,1272.68,0.0,131.93,403.95,258.04,438.25,14.12,5.41,37.98,8186.89,8186.89,0.0
LTU,2050 mandate (2030 tech),28.0,steady_h2_store,market,2436.23,635.62,29.88,204.07,0.0,0.0,1796.66,0.0,1496.44,0.0,144.06,488.75,354.88,691.39,15.39,5.41,45.02,8343.82,8343.82,0.0
HRV,2050 mandate (2030 tech),29.1,flex_fuel_store,market,2033.55,868.77,30.41,0.0,1.3,0.0,1792.61,926.65,1475.14,0.0,142.27,459.08,342.06,284.51,14.88,5.41,34.98,8411.61,8411.61,-0.0
SVN,2050 mandate (2030 tech),7.0,steady_h2_store,market,2465.27,517.03,28.43,206.32,0.0,0.0,1708.67,0.0,1412.62,0.0,135.99,461.38,1419.53,650.79,12.23,5.41,45.02,9068.69,9068.69,0.0
ESP,2050 mandate (2050 tech),875.0,flex_fuel_store,dac,888.79,441.9,27.1,0.0,2.67,0.0,454.84,304.77,420.72,10.74,57.72,64.74,85.93,0.0,29.35,5.41,26.72,2821.41,2821.41,0.0
FRA,2050 mandate (2050 tech),1400.0,flex_fuel_store,dac,1107.15,437.03,25.26,0.0,1.47,0.0,415.66,275.89,375.53,8.64,48.24,52.11,71.21,0.0,25.42,5.41,26.72,2875.74,2875.74,-0.0
PRT,2050 mandate (2050 tech),367.5,flex_fuel_store,dac,913.75,454.31,27.13,0.0,2.6,0.0,475.0,318.28,450.96,13.93,69.86,83.98,121.58,0.0,10.83,5.41,26.72,2974.35,2974.35,0.0
DEU,2050 mandate (2050 tech),1242.5,flex_fuel_store,dac,1104.02,539.56,25.59,0.0,1.71,0.0,418.14,277.54,379.13,8.96,49.52,54.0,74.69,0.0,24.87,5.41,26.72,2989.87,2989.87,0.0
DNK,2050 mandate (2050 tech),280.0,steady_h2_store,dac,1323.7,257.47,22.25,62.48,0.0,0.0,394.48,261.83,394.27,12.7,61.64,88.06,135.55,0.0,19.93,5.41,26.72,3066.5,3066.5,-0.0
ITA,2050 mandate (2050 tech),490.0,flex_fuel_store,dac,987.41,488.91,26.71,0.0,2.49,0.0,460.53,307.88,432.47,12.54,64.35,150.14,108.37,0.0,27.07,5.41,26.72,3101.0,3101.0,-0.0
CHE,2050 mandate (2050 tech),350.0,flex_fuel_store,dac,1119.74,442.67,25.62,0.0,1.67,0.0,447.98,297.59,422.27,13.18,65.86,157.86,123.98,0.0,15.11,5.41,26.72,3165.67,3165.67,-0.0
GRC,2050 mandate (2050 tech),252.0,steady_h2_store,dac,80.81,852.64,40.21,513.86,0.0,130.68,442.85,298.47,462.89,14.86,71.53,103.06,141.39,0.0,13.54,5.41,26.72,3198.92,3198.92,-0.0
FIN,2050 mandate (2050 tech),220.5,flex_fuel_store,dac,1371.76,194.96,23.53,0.0,0.81,0.0,422.85,281.13,446.46,14.3,68.35,187.55,149.14,0.0,13.58,5.41,26.72,3206.56,3206.56,-0.0
NLD,2050 mandate (2050 tech),1032.5,steady_h2_store,dac,1605.85,316.9,23.49,66.73,0.0,0.0,390.67,261.38,360.54,9.15,49.29,63.44,80.43,0.0,13.18,5.41,26.72,3273.18,3273.18,0.0
ARE,2050 mandate (2050 tech),740.0,flex_fuel_store,dac,891.48,575.68,31.41,0.0,3.8,0.0,533.26,364.04,505.07,13.37,70.94,160.14,91.89,0.0,26.7,5.41,26.72,3299.93,3299.93,0.0
BEL,2050 mandate (2050 tech),341.2,flex_fuel_store,dac,1163.4,568.58,25.26,0.0,1.48,0.0,446.05,296.07,420.42,13.2,65.81,158.05,125.24,0.0,10.6,5.41,26.72,3326.3,3326.3,0.0
GBR,2050 mandate (2050 tech),217.0,steady_h2_store,dac,1388.03,304.86,24.0,70.82,0.0,0.0,431.77,289.74,468.58,14.98,71.23,103.86,150.1,0.0,23.34,5.41,26.72,3373.44,3373.44,0.0
POL,2050 mandate (2050 tech),185.5,steady_h2_store,dac,1472.77,289.0,22.99,63.57,0.0,0.0,416.36,277.7,469.26,14.93,70.11,103.52,159.82,0.0,25.85,5.41,26.72,3418.02,3418.02,-0.0
SAU,2050 mandate (2050 tech),740.0,flex_fuel_store,dac,933.4,606.88,32.53,0.0,4.01,0.0,552.99,379.0,525.83,13.92,73.86,166.73,91.89,0.0,28.91,5.41,26.72,3442.08,3442.08,-0.0
LUX,2050 mandate (2050 tech),213.5,flex_fuel_store,dac,1181.2,581.55,25.96,0.0,1.54,0.0,469.53,312.92,488.85,15.68,75.33,187.83,151.08,0.0,0.0,5.41,26.72,3523.61,3523.61,0.0
AUT,2050 mandate (2050 tech),297.5,flex_fuel_store,dac,1277.27,513.63,27.42,0.0,1.91,0.0,482.7,323.68,461.52,14.93,73.64,178.82,132.3,0.0,13.24,5.41,26.72,3533.21,3533.21,0.0
MAR,2050 mandate (2050 tech),740.0,flex_fuel_store,dac,812.8,687.14,34.81,0.0,4.58,0.0,590.62,407.51,565.38,14.97,79.41,179.27,91.89,0.0,65.35,5.41,26.72,3565.87,3565.87,-0.0
SWE,2050 mandate (2050 tech),173.2,flex_fuel_store,dac,1487.27,215.83,25.53,0.0,0.95,0.0,464.96,312.7,531.3,16.89,79.21,221.57,164.25,0.0,27.56,5.41,26.72,3580.15,3580.15,0.0
IRL,2050 mandate (2050 tech),306.2,flex_fuel_store,dac,1624.88,238.16,26.64,0.0,1.03,0.0,471.98,319.19,462.37,14.95,73.39,196.15,130.78,0.0,11.18,5.41,26.72,3602.85,3602.85,0.0
CYP,2050 mandate (2050 tech),75.2,flex_fuel_store,dac,622.93,674.11,28.34,0.0,3.46,0.0,537.24,362.08,757.46,23.55,104.07,282.06,229.28,0.0,1.7,5.41,26.72,3658.41,3658.41,-0.0
HUN,2050 mandate (2050 tech),129.5,flex_fuel_store,dac,1317.41,433.38,27.53,0.0,1.69,0.0,511.55,343.79,617.78,19.52,90.1,233.83,184.53,0.0,12.03,5.41,26.72,3825.27,3825.27,-0.0
MLT,2050 mandate (2050 tech),56.4,flex_fuel_store,dac,721.36,769.31,26.6,0.0,3.03,0.0,513.12,343.04,778.17,23.99,103.56,287.28,257.4,0.0,0.22,5.41,26.72,3859.22,3859.22,0.0
CZE,2050 mandate (2050 tech),140.0,flex_fuel_store,dac,1239.62,618.82,27.61,0.0,1.88,0.0,506.77,340.33,598.36,18.95,88.02,227.01,178.86,0.0,12.89,5.41,26.72,3891.25,3891.25,-0.0
ROU,2050 mandate (2050 tech),98.0,steady_h2_store,dac,1425.66,589.38,26.91,151.77,0.0,0.0,505.87,344.52,696.06,21.72,96.95,150.65,206.29,0.0,15.5,5.41,26.72,4263.41,4263.41,0.0
BGR,2050 mandate (2050 tech),56.0,flex_fuel_store,dac,1351.23,701.18,33.03,0.0,3.51,0.0,638.92,438.61,996.7,30.72,132.56,367.88,258.04,0.0,14.12,5.41,26.72,4998.63,4998.63,0.0
HRV,2050 mandate (2050 tech),29.1,flex_fuel_store,dac,1184.6,763.39,31.17,0.0,3.25,0.0,620.42,423.04,1155.26,34.91,142.94,418.09,342.06,0.0,14.88,5.41,26.72,5166.12,5166.12,-0.0
EST,2050 mandate (2050 tech),19.6,flex_fuel_store,dac,1909.12,224.52,27.64,0.0,1.11,0.0,551.73,374.82,1054.89,31.77,128.99,416.78,506.98,0.0,12.67,5.41,26.72,5273.16,5273.16,0.0
SVK,2050 mandate (2050 tech),9.8,flex_fuel_store,dac,1395.15,562.52,25.15,0.0,0.95,0.0,503.26,337.97,951.16,28.65,116.3,375.79,1013.95,0.0,10.74,5.41,26.72,5353.73,5353.73,0.0
LVA,2050 mandate (2050 tech),44.1,flex_fuel_store,dac,2176.64,260.65,30.28,0.0,1.3,0.0,593.07,407.13,1014.68,30.96,130.14,406.15,283.92,0.0,10.95,5.41,26.72,5378.01,5378.01,0.0
LTU,2050 mandate (2050 tech),28.0,flex_fuel_store,dac,2147.7,256.72,29.99,0.0,1.29,0.0,599.9,411.38,1157.77,34.87,141.57,457.42,354.88,0.0,15.39,5.41,26.72,5641.03,5641.03,0.0
SVN,2050 mandate (2050 tech),7.0,flex_fuel_store,dac,1683.64,568.33,28.28,0.0,1.08,0.0,569.53,388.34,1092.92,32.92,133.64,431.8,1419.53,0.0,12.23,5.41,26.72,6394.37,6394.37,0.0
